{"cameraMode":{"drawMode":0,"name":"Shaded","section":"Shading Mode"},"sceneLighting":false,"audioPlay":false,"sceneViewState":{"showFog":false,"showMaterialUpdate":false,"showSkybox":false,"showFlares":false,"showImageEffects":false,"showParticleSystems":false},"in2DMode":false,"pivot":{"x":100.32342529296875,"y":-5.6090826988220219,"z":53.426822662353519},"rotation":{"x":0.24642100930213929,"y":0.48935213685035708,"z":-0.146406888961792,"w":0.8236386775970459},"size":10.0,"orthographic":false}