{"cameraMode":{"drawMode":0,"name":"Shaded","section":"Shading Mode"},"sceneLighting":false,"audioPlay":false,"sceneViewState":{"showFog":false,"showMaterialUpdate":false,"showSkybox":false,"showFlares":false,"showImageEffects":false,"showParticleSystems":false},"in2DMode":false,"pivot":{"x":53.147544860839847,"y":83.59919738769531,"z":7.794353008270264},"rotation":{"x":0.3925420939922333,"y":0.5062639713287354,"z":-0.2755245864391327,"w":0.71694415807724},"size":12.358766555786133,"orthographic":false}