{"cameraMode":{"drawMode":0,"name":"Shaded","section":"Shading Mode"},"sceneLighting":false,"audioPlay":false,"sceneViewState":{"showFog":false,"showMaterialUpdate":false,"showSkybox":false,"showFlares":false,"showImageEffects":false,"showParticleSystems":false},"in2DMode":false,"pivot":{"x":60.08479690551758,"y":35.946266174316409,"z":-6.155786991119385},"rotation":{"x":0.036980967968702319,"y":-0.5647751688957214,"z":0.026677241548895837,"w":0.8241569995880127},"size":1.2146095037460328,"orthographic":false}