{"cameraMode":{"drawMode":0,"name":"Shaded","section":"Shading Mode"},"sceneLighting":false,"audioPlay":false,"sceneViewState":{"showFog":false,"showMaterialUpdate":false,"showSkybox":false,"showFlares":false,"showImageEffects":false,"showParticleSystems":false},"in2DMode":false,"pivot":{"x":85.65507507324219,"y":2.666407585144043,"z":69.7105484008789},"rotation":{"x":-0.011900880374014378,"y":0.1918002814054489,"z":0.003263710532337427,"w":0.9815235137939453},"size":1.2247449159622193,"orthographic":false}