{"cameraMode":{"drawMode":0,"name":"Shaded","section":"Shading Mode"},"sceneLighting":false,"audioPlay":false,"sceneViewState":{"showFog":true,"showMaterialUpdate":true,"showSkybox":false,"showFlares":true,"showImageEffects":true,"showParticleSystems":true},"in2DMode":false,"pivot":{"x":93.7296142578125,"y":1.3981654644012452,"z":66.21401977539063},"rotation":{"x":-0.03972528129816055,"y":-0.4337944984436035,"z":-0.017762260511517526,"w":0.9001120924949646},"size":1.2617547512054444,"orthographic":false}